観測地点ID,観測所名,設置場所,路線名,緯度,経度,路線番号,表示情報
131,中畑,呉市安浦町大字中畑【標高106m】,主要地方道　矢野安浦線,34.30031,132.71399,広島県道34号,camera
64,苗代,呉市苗代町【標高294m】,主要地方道　呉環状線,34.297405,132.592275,広島県道66号,camera
132,広小坪一丁目,呉市広小坪1丁目防波堤前【標高4m】,一般県道　広仁方停車場線,34.20641,132.63174,広島県道279号,camera
133,田戸,呉市蒲刈町田戸【標高4m】,一般県道　上蒲刈島循環線,34.18123,132.71238,広島県道287号,camera
86,桜尾三丁目,廿日市市桜尾三丁目3-1【標高3m】,国道　2号,34.35705,132.34369,国道　2号,camera
87,廿日市二丁目,廿日市市廿日市二丁目9-6【標高3m】,国道　2号,34.35393,132.33737,国道　2号,camera
33,吉和,廿日市市吉和【標高590m】,国道　186号,34.489677,132.1519,国道　186号,camera
81,吉和,廿日市市吉和【標高607m】,国道　186号,34.4755199,132.1190014,国道　186号,camera
83,吉和,廿日市市吉和【標高698m】,国道　186号,34.44804,132.0941,国道　186号,camera
84,飯山,廿日市市飯山【標高783m】,国道　186号,34.4303,132.08817,国道　186号,camera
38,吉和（R434別れ）,廿日市市吉和【標高784m】,国道　186号,34.430407,132.088227,国道　186号,camera
77,スパ羅漢,廿日市市飯山 【標高504m】,国道　186号,34.389272,132.104837,国道　186号,camera
85,栗栖,廿日市市栗栖【標高415m】,国道　186号,34.38398,132.12412,国道　186号,camera
88,津田,廿日市市津田1981-15先【標高292m】,主要地方道　廿日市佐伯線,34.36721,132.17788,広島県道30号,camera
60,明石峠,廿日市市峠【標高335m】,主要地方道　廿日市佐伯線,34.355317,132.254928,広島県道30号,camera
10,佐伯,廿日市市津田【標高293m】,一般県道　本多田佐伯線,34.3675,132.178333,広島県道293号,slip
9,吉和,廿日市市吉和【標高584m】,一般県道　吉和戸河内線,34.48778,132.14202,広島県道296号,slip_camera
82,木野二丁目,大竹市木野２丁目【標高13m】,主要地方道　岩国大竹線,34.22640802,132.2064963,広島県道1号,camera
116,高田,江田島市能美町高田【標高2m】,国道　487号,34.22815,132.43724,国道　487号,camera
24,佐々部,安芸高田市高宮町佐々部【標高272m】,国道　433号,34.779091,132.712718,国道　433号,slip_camera
26,桑田,安芸高田市美土里町桑田【標高385m】,国道　433号,34.75931,132.5923,国道　433号,slip_camera
110,土師,安芸高田市八千代町土師【標高261m】,主要地方道　浜田八重可部線,34.6544659,132.6071128,広島県道5号,camera
111,土師,安芸高田市八千代町土師【標高269m】,主要地方道　浜田八重可部線,34.64677056,132.6068175,広島県道5号,camera
25,智教寺,安芸高田市美土里町生田【標高370m】,主要地方道　吉田邑南線,34.819722,132.585333,広島県道6号,slip_camera
108,国司,安芸高田市吉田町国司【標高288m】,主要地方道　吉田豊栄線,34.64899186,132.700147,広島県道29号,camera
109,上小原,安芸高田市甲田町上小原【標高310m】,主要地方道　吉田豊栄線,34.64725296,132.7024341,広島県道29号,camera
107,戸島,安芸高田市向原町戸島【標高267m】,主要地方道　吉田豊栄線,34.63479213,132.7074455,広島県道29号,camera
115,下小原,安芸高田市甲田町下小原【標高194m】,主要地方道　広島三次線,34.6734,132.74915,広島県道37号,camera
112,横田,安芸高田市美土里町横田【標高266m】,主要地方道　三次美土里線,34.72207,132.67972,広島県道64号,camera
113,横田,安芸高田市美土里町横田【標高272m】,主要地方道　三次美土里線,34.72083236,132.6745259,広島県道64号,camera
114,船木,安芸高田市高宮町船木【標高139m】,一般県道　三次江津線,34.80769,132.75924,広島県道112号,camera
37,美土里,安芸高田市美土里町本郷【標高421m】,一般県道　金屋壬生線,34.692663,132.590529,広島県道321号,camera
94,八幡,山県郡北広島町八幡　八幡雲耕線交点【標高667m】,国道　186号,34.73468,132.23568,国道　186号,camera
2,芸北,山県郡北広島町川小田【標高588m】,国道　186号,34.727003,132.275664,国道　186号,slip_camera
96,細見,山県郡北広島町細見　安佐豊平芸北線交点【標高570m】,国道　186号,34.72537,132.31463,国道　186号,camera
32,八幡,山県郡北広島町西八幡原【標高766m】,国道　191号,34.692038,132.161391,国道　191号,camera
5,大朝,山県郡北広島町大朝鳴滝【標高444m】,国道　261号,34.792524,132.486809,国道　261号,slip_camera
100,大朝,山県郡北広島町大朝　大朝IC【標高375m】,国道　261号,34.76136,132.49052,国道　261号,camera
59,中山峠,山県郡北広島町中山【標高415m】,国道　261号,34.736357,132.502219,国道　261号,camera
4,千代田,山県郡北広島町有田【標高272m】,国道　261号,34.675421,132.534962,国道　261号,slip_camera
99,本地,山県郡北広島町本地　都合谷橋【標高309m】,国道　261号,34.64196,132.51146,国道　261号,camera
98,海見山,山県郡北広島町海見山　市境【標高431m】,国道　261号,34.60208,132.49415,国道　261号,camera
101,川戸,山県郡北広島町川戸　藤原橋【標高328m】,国道　433号,34.7367,132.54501,国道　433号,camera
89,志路原,山県郡北広島町志路原【標高439m】,国道　433号,34.70294785,132.4285691,国道　433号,camera
8,加計,山県郡安芸太田町加計【標高180m】,国道　433号,34.6125,132.327222,国道　433号,slip
90,大塚,山県郡北広島町大塚【標高424m】,主要地方道　浜田八重可部線,34.77877192,132.4483715,広島県道5号,camera
74,大朝本町,山県郡北広島町大朝本町【標高395m】,主要地方道　浜田八重可部線,34.771434,132.466621,広島県道5号,camera
91,南門原,山県郡北広島町南門原【標高610m】,主要地方道　旭戸河内線,34.7487524,132.2788375,広島県道11号,camera
102,橋山,山県郡北広島町橋山　大規模林道交点【標高564m】,主要地方道　旭戸河内線,34.70045,132.26011,広島県道11号,camera
92,米沢,山県郡北広島町米沢【標高623m】,主要地方道　安佐豊平芸北線,34.74441884,132.3531194,広島県道40号,camera
41,移原,山県郡北広島町移原【標高667m】,主要地方道　安佐豊平芸北線,34.74223,132.365801,広島県道40号,camera
58,椎谷峠,山県郡北広島町志路原【標高627m】,主要地方道　安佐豊平芸北線,34.70215,132.403318,広島県道40号,camera
1,豊平,山県郡北広島町志路原鳥越【標高464m】,主要地方道　安佐豊平芸北線,34.699722,132.425278,広島県道40号,slip
73,都志見,山県郡北広島町都志見【標高398m】,主要地方道　安佐豊平芸北線,34.647307,132.446715,広島県道40号,camera
103,今吉田,山県郡北広島町今吉田　広島市境【標高309m】,主要地方道　安佐豊平芸北線,34.60456,132.45576,広島県道40号,camera
105,吉木,山県郡北広島町吉木　七曲千代田線交点【標高219m】,一般県道　澄合豊平線,34.61904,132.39667,広島県道301号,camera
93,東八幡原,山県郡北広島町東八幡原【標高771m】,一般県道　八幡雲耕線,34.70954285,132.1738052,広島県道307号,camera
6,八幡,山県郡北広島町西八幡原【標高774m】,一般県道　八幡雲耕線,34.708611,132.172222,広島県道307号,slip
95,猪山,山県郡安芸太田町猪山　小原猪山線交点【標高454m】,国道　186号,34.66613,132.30378,国道　186号,camera
7,筒賀,山県郡安芸太田町上筒賀【標高326m】,国道　186号,34.547752,132.230502,国道　186号,slip_camera
75,吉和・安芸太田町境,山県郡安芸太田町上筒賀坂原【標高564m】,国道　186号,34.514313,132.176756,国道　186号,camera
97,小坂,山県郡安芸太田町小板　深入大橋【標高700m】,国道　191号,34.65036,132.21992,国道　191号,camera
66,虫木峠,山県郡安芸太田町松原【標高646m】,国道　191号,34.646517,132.239786,国道　191号,camera
40,深入山,山県郡安芸太田町松原【標高774m】,国道　191号,34.643088,132.215768,国道　191号,camera
39,板ヶ谷,山県郡安芸太田町板ヶ谷【標高437m】,国道　191号,34.618045,132.22657,国道　191号,camera
3,戸河内,山県郡安芸太田町川手落合【標高317m】,国道　191号,34.595,132.218056,国道　191号,slip
71,加計辻ノ河原,山県郡安芸太田町加計【標高164m】,国道　191号,34.586953,132.320204,国道　191号,camera
72,戸河内,山県郡安芸太田町戸河内【標高282m】,国道　191号,34.576779,132.227519,国道　191号,camera
104,川手,山県郡安芸太田町川手　国道191号　交点【標高332m】,一般県道　三段峡線,34.59736,132.21614,広島県道249号,camera
134,土与丸五丁目,東広島市西条町土与丸５丁目【標高213m】,国道　375号,34.43105,132.7553,国道　375号,camera
135,乃美尾,東広島市黒瀬町乃美尾　【標高171m】,主要地方道　矢野安浦線,34.31251,132.68574,広島県道34号,camera
35,入野,東広島市河内町入野【標高171m】,主要地方道　東広島本郷忠海線,34.441673,132.85877,広島県道59号,camera
34,空港西,東広島市河内町入野【標高203m】,主要地方道　広島空港線,34.432519,132.879722,広島県道73号,camera
36,志和　,東広島市志和町七条椛坂【標高252m】,主要地方道　志和インター線,34.449444,132.665,広島県道83号,camera
76,上下,府中市上下町有福【標高484m】,国道　432号,34.731481,133.116338,国道　432号,camera
146,上下,府中市上下町上下496【標高376m】,国道　432号,34.6896,133.12203,国道　432号,camera
42,油木,神石郡神石高原町油木【標高461m】,国道　182号,34.791559,133.26882,国道　182号,camera
65,神石高光,神石郡神石高原町高光【標高470m】,主要地方道　三原東城線,34.810874,133.186927,広島県道23号,camera
149,高蓋,神石高原町高蓋【標高484m】,主要地方道　新市七曲西城線,34.67434,133.21182,広島県道26号,camera
148,小畠,神石高原町小畠681【標高517m】,主要地方道　吉舎油木線,34.68896,133.23012,広島県道27号,camera
150,小畠,神石高原町小畠【標高524m】,一般県道　帝釈峡井関線,34.69981,133.25418,広島県道259号,camera
151,神村町,福山市神村町（羽原川西）【標高5m】,国道　2号,34.45385985,133.2641553,国道　2号,camera
154,蔵王町,福山市南蔵王町（蔵王南交差点）【標高0m】,国道　182号,34.50023,133.39863,国道　182号,camera
155,蔵王町,福山市南蔵王町（蔵王南交差点）【標高0m】,国道　182号,34.50012,133.39865,国道　182号,camera
147,山野,福山市山野町山野1355【標高102m】,主要地方道　加茂油木線,34.65697,133.38892,広島県道21号,camera
157,田尻町,福山市田尻町【標高4m】,主要地方道　福山鞆線,34.40737,133.38169,広島県道22号,camera
152,柳津町,福山市柳津町（相生島橋南）【標高3m】,主要地方道　鞆松永線,34.44028197,133.2629682,広島県道47号,camera
158,山手町,福山市山手町【標高5m】,一般県道　御幸松永線,34.498684,133.33693,広島県道378号,camera
156,津之郷町,福山市津之郷町【標高8m】,一般県道　御幸松永線,34.48829,133.3252,広島県道378号,camera
153,森脇,福山市御幸町森脇（川南近田線交点）【標高10m】,一般県道　加茂福山線,34.53567149,133.3483661,広島県道391号,camera
136,和田,三原市和田【標高2m】,国道　185号,34.38571,133.07332,国道　185号,camera
137,糸崎町,三原市糸崎町【標高5m】,国道　185号,34.38379,133.11714,国道　185号,camera
67,三次,三次市十日市東【標高157m】,国道　183号,34.804245,132.86161,国道　183号,camera
62,尾引坂,三次市和知町【標高195m】,国道　183号,34.813552,132.93291,国道　183号,camera
125,岡田,三次市三良坂町岡田【標高185m】,国道　184号,34.76821824,132.9423652,国道　184号,camera
126,三良坂,三次市三良坂町三良坂【標高219m】,国道　184号,34.75578397,132.9686033,国道　184号,camera
69,雲通,三次市吉舎町雲通【標高277m】,国道　184号,34.676948,132.99504,国道　184号,camera
70,大津,三次市作木町大津【標高112m】,国道　375号,34.891194,132.679437,国道　375号,camera
123,下作木,三次市作木町下作木【標高116m】,国道　375号,34.88243257,132.7018913,国道　375号,camera
122,香淀,三次市作木町香淀【標高120m】,国道　375号,34.84640433,132.7146728,国道　375号,camera
20,作木,三次市作木町香淀【標高124m】,国道　375号,34.841316,132.722264,国道　375号,slip_camera
120,十日市東六丁目,三次市十日市東六丁目12番【標高201m】,国道　375号,34.7910258,132.8642935,国道　375号,camera
118,酒屋町,三次市東酒屋町387-5【標高199m】,国道　375号,34.78335995,132.8756209,国道　375号,camera
130,小田幸町,三次市小田幸町【標高203m】,国道　375号,34.76083886,132.8959521,国道　375号,camera
68,三和,三次市三和町上壱【標高346m】,国道　375号,34.634514,132.847289,国道　375号,camera
63,宇賀峠,三次市甲奴町宇賀【標高393m】,主要地方道　吉舎油木線,34.707528,133.030797,広島県道27号,camera
128,上志和地町,三次市上志和地町【標高177m】,主要地方道　広島三次線,34.74019674,132.7969393,広島県道37号,camera
22,君田,三次市君田町東入君【標高214m】,主要地方道　三次高野線,34.87407,132.845026,広島県道39号,slip_camera
121,羽出庭,三次市三和町羽出庭【標高358m】,主要地方道　世羅甲田線,34.68559,132.80614,広島県道52号,camera
127,羽出庭,三次市三和町羽出庭【標高335m】,主要地方道　世羅甲田線,34.66984004,132.822345,広島県道52号,camera
117,上板木,三次市三和町上板木605【標高346m】,主要地方道　世羅甲田線,34.66291085,132.8434048,広島県道52号,camera
124,三良坂,三次市三良坂町三良坂【標高200m】,主要地方道　三次庄原線,34.76516892,132.9717646,広島県道61号,camera
43,便坂トンネル西,三次市作木町上作木【標高275m】,主要地方道　庄原作木線,34.896462,132.753653,広島県道62号,camera
119,作木,三次市作木町下作木1077【標高127m】,主要地方道　庄原作木線,34.86476288,132.7149687,広島県道62号,camera
21,布野,三次市布野町下布野【標高196m】,主要地方道　庄原作木線,34.864444,132.791944,広島県道62号,slip
129,上壱,三次市三和町上壱【標高358m】,一般県道　三和大和線,34.6255484,132.8649643,広島県道161号,camera
18,横谷,三次市布野町横谷【標高492m】,一般県道　大津横谷線,34.9425,132.738056,広島県道437号,slip
19,櫃田,三次市君田町櫃田【標高284m】,一般県道　下門田泉吉田線,34.926763,132.828369,広島県道437号,slip
139,川東,庄原市東城町川東【標高302m】,国道　182号,34.8904,133.2763,国道　182号,camera
12,東城,庄原市東城町川東【標高301m】,国道　182号,34.889444,133.275556,国道　182号,slip
51,久代,庄原市東城町久代【標高286m】,国道　182号,34.877736,133.292579,国道　182号,camera
16,三坂,庄原市西城町三坂【標高723m】,国道　183号,35.060065,133.188239,国道　183号,slip_camera
48,熊野,庄原市西城町熊野【標高385m】,国道　183号,34.979424,133.140246,国道　183号,camera
14,西城,庄原市西城町熊野【標高369m】,国道　183号,34.975556,133.132222,国道　183号,slip
141,大佐,庄原市西城町熊野【標高364m】,国道　183号,34.974,133.1254,国道　183号,camera
17,庄原,庄原市宮内町【標高274m】,国道　183号,34.863889,133.043056,国道　183号,slip
140,新庄町,庄原市新庄町【標高263m】,国道　183号,34.85052,133.02269,国道　183号,camera
45,西城油木,庄原市西城町油木【標高701m】,国道　314号,35.07579,133.114596,国道　314号,camera
49,高尾,庄原市西城町高尾【標高635m】,国道　314号,35.009956,133.185338,国道　314号,camera
50,東城第一大橋,庄原市東城町菅【標高412m】,国道　314号,34.931949,133.232506,国道　314号,camera
44,和南原,庄原市高野町和南原【標高623m】,国道　432号,35.08419,132.905477,国道　432号,camera
47,王居峠,庄原市高野町上湯川【標高609m】,国道　432号,35.035832,132.977737,国道　432号,camera
13,比和,庄原市比和町森脇【標高427m】,国道　432号,34.990833,132.988889,国道　432号,slip
143,比和,庄原市比和町比和【標高418m】,国道　432号,34.98372,132.98661,国道　432号,camera
46,須川,庄原市川北町【標高308m】,国道　432号,34.918427,132.993282,国道　432号,camera
142,稲草,庄原市総領町稲草【標高262m】,国道　432号,34.7838,133.0626,国道　432号,camera
52,帝釈始終,庄原市東城町帝釈始終【標高607m】,主要地方道　庄原東城線,34.874063,133.141011,広島県道23号,camera
15,高野,庄原市高野町新市【標高544m】,主要地方道　三次高野線,35.032766,132.906705,広島県道39号,slip_camera
138,下門田,庄原市高野町下門田8【標高542m】,主要地方道　三次高野線,35.0249916,132.8818328,広島県道39号,camera
145,竹地谷,庄原市口和町竹地谷【標高438m】,主要地方道　三次高野線,34.9538,132.8479,広島県道39号,camera
144,大月,庄原市口和町大月【標高310m】,主要地方道　三次高野線,34.91089,132.88215,広島県道39号,camera
11,口和,庄原市口和町向泉【標高319m】,主要地方道　庄原作木線,34.920556,132.901667,広島県道62号,slip
